-- ALBUM
INSERT INTO album (Izenburua, Urtea, Generoa, IDMusikaria) VALUES
('El Mal Querer', '2018-11-02', 'Flamenco', '1'),
('Motomami', '2022-03-18', 'Flamenco', '1'),
('YHLQMDLG', '2020-02-29', 'Reggaeton', '2'),
('Un verano sin ti', '2020-02-29', 'Reggaeton', '2'),
('Colores', '2020-03-19', 'Reggaeton', '3'),
('Vibras', '2018-05-25', 'Reggaeton', '3'),
('Fine Line', '2019-12-13', 'Pop', '4'),
('Harrys house', '2022-05-20', 'Pop', '4'),
('Folklore', '2020-07-24', 'Pop', '5'),
('Red', '2012-10-22', 'Country pop', '5'),
('Papi Juancho', '2020-08-21', 'Reggaeton', '6'),
('11:11', '2019-05-17', 'Reggaeton', '6'),
('Origins', '2018-11-09', 'Pop rock', '7'),
('Evolve', '2017-06-23', 'Pop rock', '7'),
('Jordi', '2021-06-11', 'Pop rock', '8'),
('V', '2014-08-29', 'Pop rock', '8'),
('Everyday Life', '2019-11-22', 'Rock alternativo', '9'),
('A Head Full of Dreams', '2015-12-04', 'Pop rock', '9');


-- PODCAST
INSERT INTO podcast (Kolaboratzaileak, IDPodcaster)
VALUES
('Grefg', '1'),
('Alvaro845', '2');

-- ABESTIA
INSERT INTO abestia (IdAudio, IdAlbum)
VALUES
('3', '1'),
('4', '1'), 
('5', '1'), 
('6', '2'),
('7', '2'),
('8', '2'),
('9', '3'), 
('10', '3'), 
('11', '3'),
('12', '4'), 
('13', '4'), 
('14', '4'),
('15', '5'), 
('16', '5'), 
('17', '5'),
('18', '6'), 
('19', '6'), 
('20', '6'),
('21', '7'), 
('22', '7'), 
('23', '7'),
('24', '8'), 
('25', '8'), 
('26', '8'),
('27', '9'), 
('28', '9'), 
('29', '9'),
('30', '10'), 
('31', '10'), 
('32', '10'),
('33', '11'), 
('34', '11'), 
('35', '11'),
('36', '12'), 
('37', '12'), 
('38', '12'),
('39', '13'), 
('40', '13'), 
('41', '13'),
('42', '14'), 
('43', '14'), 
('44', '14'),
('45', '15'), 
('46', '15'), 
('47', '15'),
('48', '16'), 
('49', '16'), 
('50', '16'),
('51', '17'), 
('52', '17'), 
('53', '17'),
('54', '18'), 
('55', '18'), 
('56', '18');

-- PLAYLIST
INSERT INTO playlist (Izenburua, Sorrera_data, IDBezeroa)
VALUES
('Playlist 1', '2023-04-01', 'juanperez&'),
('Playlist 2', '2023-05-10', 'mariagonzalez&'),
('Playlist 3', '2023-07-20', 'mariagonzalez&'),
('Playlist 4', '2023-08-05', 'analopez&'),
('Playlist 5', '2023-09-15', 'davidmartinez&');

-- PLAYLIST_ABESTIAK
INSERT INTO playlist_abestiak (IDList, IdAudio)
VALUES
(1, '40'),
(1, '23'),
(2, '33'),
(2, '32'),
(3, '18'),
(4, '4'),
(4, '25'),
(5, '13'),
(5, '53');

-- GUSTUKOAK
INSERT INTO gustukoak (IDBezeroa, IdAudio)
VALUES
('juanperez&', '43'),
('juanperez&', '16'),
('mariagonzalez&', '35'),
('mariagonzalez&', '41'),
('analopez&', '21'),
('analopez&', '8'),
('davidmartinez&', '11'),
('davidmartinez&', '1'),
('elenafdez&', '2'),
('elenafdez&', '12');

-- ERREPRODUKZIOA
INSERT INTO erreprodukzioak (IDBezeroa, IdAudio, erreprodukzio_data)
VALUES
('juanperez&', '23', '04:02:00'),
('mariagonzalez&', '50', '05:12:00'),
('analopez&', '21', '07:21:00'),
('davidmartinez&', '31', '08:06:00'),
('davidmartinez&', '39', '09:16:00'),
('juanperez&', 3, '05:01:00'),
('mariagonzalez&', 4, '05:02:00'),
('analopez&', 6, '05:03:00'),
('davidmartinez&', 7, '05:04:00'),
('elenafdez&', 10, '05:05:00'),
('juanperez&', 12, '05:06:00'),
('mariagonzalez&', 14, '05:07:00'),
('analopez&', 6, '05:08:00'),
('davidmartinez&', 6, '05:09:00'),
('elenafdez&', 20, '05:10:00'),
('juanperez&', 22, '05:11:00'),
('mariagonzalez&', 24, '05:12:00'),
('analopez&', 26, '05:13:00'),
('davidmartinez&', 28, '05:14:00'),
('elenafdez&', 30, '05:15:00'),
('juanperez&', 33, '05:16:00'),
('mariagonzalez&', 35, '05:17:00'),
('analopez&', 37, '05:18:00'),
('davidmartinez&', 6, '05:19:00'),
('elenafdez&', 41, '05:20:00'),
('juanperez&', 43, '05:21:00'),
('mariagonzalez&', 45, '05:22:00'),
('analopez&', 47, '05:23:00'),
('davidmartinez&', 49, '05:24:00'),
('elenafdez&', 51, '05:25:00'),
('juanperez&', 53, '05:26:00'),
('mariagonzalez&', 2, '05:27:00'),
('analopez&', 4, '05:28:00'),
('davidmartinez&', 6, '05:29:00'),
('elenafdez&', 8, '05:30:00'),
('juanperez&', 10, '05:31:00'),
('mariagonzalez&', 12, '06:01:00'),
('analopez&', 14, '06:02:00'),
('davidmartinez&', 16, '06:03:00'),
('elenafdez&', 18, '06:04:00'),
('juanperez&', 20, '06:05:00'),
('mariagonzalez&', 22, '06:06:00'),
('analopez&', 24, '06:07:00'),
('davidmartinez&', 26, '06:08:00'),
('elenafdez&', 28, '06:09:00'),
('juanperez&', 6, '06:10:00'),
('mariagonzalez&', 32, '06:11:00'),
('analopez&', 34, '06:12:00'),
('davidmartinez&', 36, '06:13:00'),
('elenafdez&', 38, '06:14:00'),
('juanperez&', 40, '06:15:00'),
('mariagonzalez&', 42, '06:16:00'),
('analopez&', 44, '06:17:00'),
('davidmartinez&', 46, '06:18:00'),
('elenafdez&', 48, '06:19:00'),
('juanperez&', 50, '06:20:00'),
('mariagonzalez&', 52, '06:21:00'),
('analopez&', 54, '06:22:00'),
('davidmartinez&', 1, '06:23:00'),
('elenafdez&', 3, '06:24:00'),
('juanperez&', 5, '06:25:00'),
('mariagonzalez&', 7, '06:26:00'),
('analopez&', 4, '06:27:00'),
('davidmartinez&', 11, '06:28:00'),
('elenafdez&', 13, '06:29:00'),
('juanperez&', 15, '06:30:00'),
('juanperez&', 50, '06:20:00'),
('mariagonzalez&', 52, '06:21:00'),
('analopez&', 54, '06:22:00'),
('davidmartinez&', 1, '06:23:00'),
('elenafdez&', 3, '06:24:00'),
('juanperez&', 5, '06:25:00'),
('mariagonzalez&', 7, '06:26:00'),
('analopez&', 9, '06:27:00'),
('davidmartinez&', 11, '06:28:00'),
('elenafdez&', 13, '06:29:00'),
('juanperez&', 15, '06:30:00'),
('juanperez&', 3, '05:01:00'),
('mariagonzalez&', 4, '05:02:00'),
('analopez&', 6, '05:03:00'),
('davidmartinez&', 7, '05:04:00'),
('elenafdez&', 10, '05:05:00'),
('juanperez&', 12, '05:06:00'),
('mariagonzalez&', 14, '05:07:00'),
('analopez&', 8, '05:08:00'),
('davidmartinez&', 9, '05:09:00'),
('elenafdez&', 20, '05:10:00'),
('juanperez&', 22, '05:11:00'),
('mariagonzalez&', 24, '05:12:00'),
('juanperez&', 32, '07:01:00');


