-- ALBUM
INSERT INTO album (Izenburua, Urtea, Generoa, IDMusikaria) VALUES
('El Mal Querer', '2018-11-02', 'Flamenco', '1'),
('Motomami', '2022-03-18', 'Flamenco', '1'),
('YHLQMDLG', '2020-02-29', 'Reggaeton', '2'),
('Un verano sin ti', '2020-02-29', 'Reggaeton', '2'),
('Colores', '2020-03-19', 'Reggaeton', '3'),
('Vibras', '2018-05-25', 'Reggaeton', '3'),
('Fine Line', '2019-12-13', 'Pop', '4'),
('Harrys house', '2022-05-20', 'Pop', '4'),
('Folklore', '2020-07-24', 'Pop', '5'),
('Red', '2012-10-22', 'Country pop', '5'),
('Papi Juancho', '2020-08-21', 'Reggaeton', '6'),
('11:11', '2019-05-17', 'Reggaeton', '6'),
('Origins', '2018-11-09', 'Pop rock', '7'),
('Evolve', '2017-06-23', 'Pop rock', '7'),
('Jordi', '2021-06-11', 'Pop rock', '8'),
('V', '2014-08-29', 'Pop rock', '8'),
('Everyday Life', '2019-11-22', 'Rock alternativo', '9'),
('A Head Full of Dreams', '2015-12-04', 'Pop rock', '9');


-- PODCAST
INSERT INTO podcast (Kolaboratzaileak, IDPodcaster)
VALUES
('Grefg', '1'),
('Alvaro845', '2');

-- ABESTIA
INSERT INTO abestia (IdAudio, IdAlbum)
VALUES
('1', '1'), 
('2', '1'), 
('3', '1'),
('4', '2'), 
('5', '2'), 
('6', '2'),
('7', '3'), 
('8', '3'), 
('9', '3'),
('10', '4'), 
('11', '4'), 
('12', '4'),
('13', '5'), 
('14', '5'), 
('15', '5'),
('16', '6'), 
('17', '6'), 
('18', '6'),
('19', '7'), 
('20', '7'), 
('21', '7'),
('22', '8'), 
('23', '8'), 
('24', '8'),
('25', '9'), 
('26', '9'), 
('27', '9'),
('28', '10'), 
('29', '10'), 
('30', '10'),
('31', '11'), 
('32', '11'), 
('33', '11'),
('34', '12'), 
('35', '12'), 
('36', '12'),
('37', '13'), 
('38', '13'), 
('39', '13'),
('40', '14'), 
('41', '14'), 
('42', '14'),
('43', '15'), 
('44', '15'), 
('45', '15'),
('46', '16'), 
('47', '16'), 
('48', '16'),
('49', '17'), 
('50', '17'), 
('51', '17'),
('52', '18'), 
('53', '18'), 
('54', '18');

-- PLAYLIST
INSERT INTO playlist (Izenburua, Sorrera_data, IDBezeroa)
VALUES
('Playlist 1', '2023-04-01', 'juanperez&'),
('Playlist 2', '2023-05-10', 'mariagonzalez&'),
('Playlist 3', '2023-07-20', 'mariagonzalez&'),
('Playlist 4', '2023-08-05', 'analopez&'),
('Playlist 5', '2023-09-15', 'davidmartinez&');

-- PLAYLIST_ABESTIAK
INSERT INTO playlist_abestiak (IDList, IdAudio)
VALUES
(1, '40'),
(1, '23'),
(2, '33'),
(2, '32'),
(3, '18'),
(4, '4'),
(4, '25'),
(5, '13'),
(5, '53');

-- GUSTUKOAK
INSERT INTO gustukoak (IDBezeroa, IdAudio)
VALUES
('juanperez&', '43'),
('juanperez&', '16'),
('mariagonzalez&', '35'),
('mariagonzalez&', '41'),
('analopez&', '21'),
('analopez&', '8'),
('davidmartinez&', '11'),
('davidmartinez&', '1'),
('elenafdez&', '2'),
('elenafdez&', '12');

-- ERREPRODUKZIOA
INSERT INTO erreprodukzioak (IDBezeroa, IdAudio, erreprodukzio_data)
VALUES
('juanperez&', '23', '2023-04-02'),
('mariagonzalez&', '50', '2023-05-12'),
('analopez&', '21', '2023-07-21'),
('davidmartinez&', '31', '2023-08-06'),
('davidmartinez&', '39', '2023-09-16'),
('juanperez&', 3, '2023-05-01'),
('mariagonzalez&', 4, '2023-05-02'),
('analopez&', 6, '2023-05-03'),
('davidmartinez&', 7, '2023-05-04'),
('elenafdez&', 10, '2023-05-05'),
('juanperez&', 12, '2023-05-06'),
('mariagonzalez&', 14, '2023-05-07'),
('analopez&', 6, '2023-05-08'),
('davidmartinez&', 6, '2023-05-09'),
('elenafdez&', 20, '2023-05-10'),
('juanperez&', 22, '2023-05-11'),
('mariagonzalez&', 24, '2023-05-12'),
('analopez&', 26, '2023-05-13'),
('davidmartinez&', 28, '2023-05-14'),
('elenafdez&', 30, '2023-05-15'),
('juanperez&', 33, '2023-05-16'),
('mariagonzalez&', 35, '2023-05-17'),
('analopez&', 37, '2023-05-18'),
('davidmartinez&', 6, '2023-05-19'),
('elenafdez&', 41, '2023-05-20'),
('juanperez&', 43, '2023-05-21'),
('mariagonzalez&', 45, '2023-05-22'),
('analopez&', 47, '2023-05-23'),
('davidmartinez&', 49, '2023-05-24'),
('elenafdez&', 51, '2023-05-25'),
('juanperez&', 53, '2023-05-26'),
('mariagonzalez&', 2, '2023-05-27'),
('analopez&', 4, '2023-05-28'),
('davidmartinez&', 6, '2023-05-29'),
('elenafdez&', 8, '2023-05-30'),
('juanperez&', 10, '2023-05-31'),
('mariagonzalez&', 12, '2023-06-01'),
('analopez&', 14, '2023-06-02'),
('davidmartinez&', 16, '2023-06-03'),
('elenafdez&', 18, '2023-06-04'),
('juanperez&', 20, '2023-06-05'),
('mariagonzalez&', 22, '2023-06-06'),
('analopez&', 24, '2023-06-07'),
('davidmartinez&', 26, '2023-06-08'),
('elenafdez&', 28, '2023-06-09'),
('juanperez&', 6, '2023-06-10'),
('mariagonzalez&', 32, '2023-06-11'),
('analopez&', 34, '2023-06-12'),
('davidmartinez&', 36, '2023-06-13'),
('elenafdez&', 38, '2023-06-14'),
('juanperez&', 40, '2023-06-15'),
('mariagonzalez&', 42, '2023-06-16'),
('analopez&', 44, '2023-06-17'),
('davidmartinez&', 46, '2023-06-18'),
('elenafdez&', 48, '2023-06-19'),
('juanperez&', 50, '2023-06-20'),
('mariagonzalez&', 52, '2023-06-21'),
('analopez&', 54, '2023-06-22'),
('davidmartinez&', 1, '2023-06-23'),
('elenafdez&', 3, '2023-06-24'),
('juanperez&', 5, '2023-06-25'),
('mariagonzalez&', 7, '2023-06-26'),
('analopez&', 4, '2023-06-27'),
('davidmartinez&', 11, '2023-06-28'),
('elenafdez&', 13, '2023-06-29'),
('juanperez&', 15, '2023-06-30'),
('juanperez&', 50, '2023-06-20'),
('mariagonzalez&', 52, '2023-06-21'),
('analopez&', 54, '2023-06-22'),
('davidmartinez&', 1, '2023-06-23'),
('elenafdez&', 3, '2023-06-24'),
('juanperez&', 5, '2023-06-25'),
('mariagonzalez&', 7, '2023-06-26'),
('analopez&', 9, '2023-06-27'),
('davidmartinez&', 11, '2023-06-28'),
('elenafdez&', 13, '2023-06-29'),
('juanperez&', 15, '2023-06-30'),
('juanperez&', 3, '2023-05-01'),
('mariagonzalez&', 4, '2023-05-02'),
('analopez&', 6, '2023-05-03'),
('davidmartinez&', 7, '2023-05-04'),
('elenafdez&', 10, '2023-05-05'),
('juanperez&', 12, '2023-05-06'),
('mariagonzalez&', 14, '2023-05-07'),
('analopez&', 8, '2023-05-08'),
('davidmartinez&', 9, '2023-05-09'),
('elenafdez&', 20, '2023-05-10'),
('juanperez&', 22, '2023-05-11'),
('mariagonzalez&', 24, '2023-05-12'),
('juanperez&', 32, '2023-07-01'),
('mariagonzalez&', 34, '2023-07-02'),
('analopez&', 36, '2023-07-03'),
('davidmartinez&', 38, '2023-07-04'),
('elenafdez&', 40, '2023-07-05'),
('juanperez&', 42, '2023-07-06'),
('mariagonzalez&', 44, '2023-07-07'),
('analopez&', 46, '2023-07-08'),
('davidmartinez&', 48, '2023-07-09'),
('elenafdez&', 50, '2023-07-10'),
('juanperez&', 52, '2023-07-11'),
('mariagonzalez&', 1, '2023-07-12'),
('analopez&', 3, '2023-07-13'),
('davidmartinez&', 5, '2023-07-14'),
('elenafdez&', 7, '2023-07-15'),
('juanperez&', 9, '2023-07-16'),
('mariagonzalez&', 11, '2023-07-17'),
('analopez&', 13, '2023-07-18'),
('davidmartinez&', 15, '2023-07-19'),
('elenafdez&', 17, '2023-07-20'),
('juanperez&', 19, '2023-07-21'),
('mariagonzalez&', 21, '2023-07-22'),
('analopez&', 23, '2023-07-23'),
('davidmartinez&', 25, '2023-07-24'),
('elenafdez&', 27, '2023-07-25'),
('juanperez&', 29, '2023-07-26'),
('mariagonzalez&', 31, '2023-07-27'),
('analopez&', 33, '2023-07-28'),
('davidmartinez&', 35, '2023-07-29'),
('analopez&', 26, '2023-05-13');

INSERT INTO estatistikak (Egunean, Astean, Hilean, Urtean, Totala) VALUES
(3, 1, 0, 4, 8),
(1, 4, 3, 2, 10),
(2, 0, 5, 1, 8),
(1, 2, 4, 0, 7),
(5, 0, 1, 3, 9),
(0, 3, 2, 1, 6),
(4, 1, 0, 2, 7),
(1, 5, 3, 0, 9),
(2, 0, 1, 4, 7),
(0, 4, 3, 2, 9),
(3, 2, 5, 1, 11),
(1, 0, 4, 3, 8),
(4, 1, 2, 0, 7),
(0, 3, 1, 2, 6),
(2, 5, 0, 4, 11),
(1, 0, 4, 3, 8),
(5, 1, 2, 0, 8),
(0, 3, 4, 2, 9),
(3, 2, 1, 0, 6),
(1, 4, 0, 5, 10),
(2, 0, 1, 3, 6),
(0, 5, 3, 2, 10),
(4, 1, 0, 2, 7),
(0, 2, 4, 1, 7),
(1, 0, 5, 3, 9),
(3, 1, 2, 0, 6),
(0, 4, 1, 3, 8),
(2, 5, 3, 0, 10),
(1, 0, 4, 2, 7),
(5, 1, 0, 3, 9),
(0, 3, 1, 4, 8),
(3, 2, 5, 0, 10),
(1, 0, 4, 2, 7),
(4, 1, 2, 0, 7),
(0, 3, 5, 2, 10),
(2, 0, 1, 4, 7),
(1, 4, 0, 3, 8),
(5, 1, 2, 0, 8),
(0, 3, 1, 4, 8),
(3, 2, 5, 0, 10),
(1, 0, 4, 2, 7),
(4, 1, 2, 3, 10),
(0, 3, 4, 2, 9),
(2, 0, 1, 3, 6),
(1, 4, 5, 0, 10),
(4, 1, 0, 2, 7),
(0, 2, 4, 1, 7),
(1, 0, 5, 3, 9),
(3, 1, 2, 0, 6),
(0, 4, 1, 3, 8),
(2, 5, 3, 0, 10),
(1, 0, 4, 2, 7),
(5, 1, 0, 3, 9),
(0, 3, 1, 4, 8),
(3, 2, 5, 0, 10),
(1, 0, 4, 2, 7),
(4, 1, 2, 0, 7),
(0, 3, 5, 2, 10),
(2, 0, 1, 4, 7),
(1, 4, 0, 3, 8),
(4, 1, 0, 2, 7),
(0, 2, 4, 1, 7),
(2, 0, 1, 3, 6),
(0, 4, 1, 3, 8),
(1, 4, 0, 3, 8);


